<?xml version="1.0" encoding="UTF-8" ?>
<XMLDB PATH="mod/bigbluebuttonbn/db" VERSION="20120628" COMMENT="XMLDB file for Moodle mod/bigbluebuttonbn"
    xmlns:xsi="http://www.w3.org/2001/XMLSchema-instance"
    xsi:noNamespaceSchemaLocation="../../../lib/xmldb/xmldb.xsd"
>
  <TABLES>
    <TABLE NAME="bigbluebuttonbn" COMMENT="The bigbluebuttonbn table to store information about a meeting activities." NEXT="bigbluebuttonbn_log">
      <FIELDS>
        <FIELD NAME="id" TYPE="int" LENGTH="10" NOTNULL="true" UNSIGNED="true" SEQUENCE="true" NEXT="name"/>
        <FIELD NAME="name" TYPE="char" LENGTH="255" NOTNULL="true" DEFAULT="" SEQUENCE="false" COMMENT="name field for bigbluebuttonbn instances" PREVIOUS="id" NEXT="moderatorpass"/>
        <FIELD NAME="moderatorpass" TYPE="char" LENGTH="255" NOTNULL="true" DEFAULT="" SEQUENCE="false" COMMENT="the moderator password" PREVIOUS="name" NEXT="viewerpass"/>
        <FIELD NAME="viewerpass" TYPE="char" LENGTH="255" NOTNULL="true" DEFAULT="" SEQUENCE="false" COMMENT="the viewer password" PREVIOUS="moderatorpass" NEXT="wait"/>
        <FIELD NAME="wait" TYPE="int" LENGTH="1" NOTNULL="true" UNSIGNED="true" DEFAULT="0" SEQUENCE="false" COMMENT="the value if the user has to wait, either 1 or 0" PREVIOUS="viewerpass" NEXT="newwindow"/>
        <FIELD NAME="newwindow" TYPE="int" LENGTH="1" NOTNULL="true" UNSIGNED="true" DEFAULT="0" SEQUENCE="false" COMMENT="the value if the user has to wait, either 1 or 0" PREVIOUS="wait" NEXT="allmoderators"/>
        <FIELD NAME="allmoderators" TYPE="int" LENGTH="1" NOTNULL="true" UNSIGNED="true" DEFAULT="0" SEQUENCE="false" COMMENT="the value if the user has to wait, either 1 or 0" PREVIOUS="newwindow" NEXT="record"/>
        <FIELD NAME="record" TYPE="int" LENGTH="1" NOTNULL="true" UNSIGNED="true" DEFAULT="0" SEQUENCE="false" COMMENT="the value if the meeting session has to be recorded, either 1 or 0" PREVIOUS="allmoderators" NEXT="description"/>
        <FIELD NAME="description" TYPE="char" LENGTH="255" NOTNULL="true" DEFAULT="" SEQUENCE="false" COMMENT="Description of this activity" PREVIOUS="record" NEXT="welcome"/>
        <FIELD NAME="welcome" TYPE="text" NOTNULL="true" DEFAULT="" SEQUENCE="false" COMMENT="Welcome message for the chat window" PREVIOUS="description" NEXT="voicebridge"/>
        <FIELD NAME="voicebridge" TYPE="int" LENGTH="5" NOTNULL="true" UNSIGNED="true" DEFAULT="0" SEQUENCE="false" COMMENT="Voice conference number participants enter to join the voice conference." PREVIOUS="welcome" NEXT="timedue"/>
        <FIELD NAME="timedue" TYPE="int" LENGTH="10" NOTNULL="true" UNSIGNED="true" DEFAULT="0" SEQUENCE="false" PREVIOUS="voicebridge" NEXT="timeavailable"/>
        <FIELD NAME="timeavailable" TYPE="int" LENGTH="10" NOTNULL="true" UNSIGNED="true" DEFAULT="0" SEQUENCE="false" PREVIOUS="timedue" NEXT="timeduration"/>
        <FIELD NAME="timeduration" TYPE="int" LENGTH="10" NOTNULL="true" UNSIGNED="true" DEFAULT="0" SEQUENCE="false" PREVIOUS="timeavailable" NEXT="meetingid"/>
        <FIELD NAME="meetingid" TYPE="char" LENGTH="256" NOTNULL="false" SEQUENCE="false" COMMENT="the meetingID" PREVIOUS="timeduration" NEXT="course"/>
        <FIELD NAME="course" TYPE="int" LENGTH="10" NOTNULL="true" UNSIGNED="true" DEFAULT="0" SEQUENCE="false" PREVIOUS="meetingid" NEXT="timemodified"/>
        <FIELD NAME="timemodified" TYPE="int" LENGTH="10" NOTNULL="true" UNSIGNED="true" DEFAULT="0" SEQUENCE="false" PREVIOUS="course" NEXT="participants"/>
        <FIELD NAME="participants" TYPE="text" NOTNULL="false" SEQUENCE="false" COMMENT="Participants and permissions" PREVIOUS="timemodified"/>
      </FIELDS>
      <KEYS>
        <KEY NAME="primary" TYPE="primary" FIELDS="id"/>
      </KEYS>
    </TABLE>
    <TABLE NAME="bigbluebuttonbn_log" COMMENT="The bigbluebuttonbn table to store meeting activity events" PREVIOUS="bigbluebuttonbn">
      <FIELDS>
        <FIELD NAME="id" TYPE="int" LENGTH="10" NOTNULL="true" UNSIGNED="true" SEQUENCE="true" NEXT="meetingid"/>
        <FIELD NAME="meetingid" TYPE="char" LENGTH="256" NOTNULL="true" SEQUENCE="false" PREVIOUS="id" NEXT="courseid"/>
        <FIELD NAME="courseid" TYPE="int" LENGTH="10" NOTNULL="true" UNSIGNED="true" SEQUENCE="false" PREVIOUS="meetingid" NEXT="bigbluebuttonbnid"/>
        <FIELD NAME="bigbluebuttonbnid" TYPE="int" LENGTH="10" NOTNULL="true" UNSIGNED="true" SEQUENCE="false" PREVIOUS="courseid" NEXT="record"/>
        <FIELD NAME="record" TYPE="int" LENGTH="1" NOTNULL="true" UNSIGNED="true" SEQUENCE="false" PREVIOUS="bigbluebuttonbnid" NEXT="timecreated"/>
        <FIELD NAME="timecreated" TYPE="int" LENGTH="10" NOTNULL="true" UNSIGNED="true" DEFAULT="0" SEQUENCE="false" PREVIOUS="record" NEXT="event"/>
        <FIELD NAME="event" TYPE="char" LENGTH="32" NOTNULL="true" SEQUENCE="false" PREVIOUS="timecreated"/>
      </FIELDS>
      <KEYS>
        <KEY NAME="primary" TYPE="primary" FIELDS="id"/>
      </KEYS>
    </TABLE>
  </TABLES>
</XMLDB>